"-------------------------------------------------------------------------------------------"
" Monthly atmospheric CO2 concentrations (ppm) derived from flask air samples               "
" Mauna Loa Observatory, Hawaii: Latitude 19.5N Longitude 155.6W Elevation 3397m            "
"                                                                                           "
" Source: R. F. Keeling, S. C. Piper, A. F. Bollenbacher and S. J. Walker                   "
" Scripps CO2 Program ( http://scrippsco2.ucsd.edu )                                        "
" Scripps Institution of Oceanography (SIO)                                                 "
" University of California                                                                  "
" La Jolla, California USA 92093-0244                                                       "
"                                                                                           "
" Status of data and correspondence:                                                        "
"                                                                                           "
" These data are subject to revision based on recalibration of standard gases. Questions    "
" about the data should be directed to Dr. Ralph Keeling (rkeeling@ucsd.edu) and            "
" and Dr. Stephen Piper (scpiper@popmail.ucsd.edu), Scripps CO2 Program.                    "
"                                                                                           "
" Flask data in this file through 05-Sep-2017 last updated 29-Sep-2017                      "
"                                                                                           "
"-------------------------------------------------------------------------------------------"
"                                                                                           "
" Please cite as:                                                                           "
"                                                                                           "
" C. D. Keeling, S. C. Piper, R. B. Bacastow, M. Wahlen, T. P. Whorf, M. Heimann, and       "
" H. A. Meijer, Exchanges of atmospheric CO2 and 13CO2 with the terrestrial biosphere and   "
" oceans from 1978 to 2000.  I. Global aspects, SIO Reference Series, No. 01-06, Scripps    "
" Institution of Oceanography, San Diego, 88 pages, 2001.                                   "
"                                                                                           "
" If it is necessary to cite a peer-reviewed article, please cite as:                       "
"                                                                                           "
" C. D. Keeling, S. C. Piper, R. B. Bacastow, M. Wahlen, T. P. Whorf, M. Heimann, and       "
" H. A. Meijer, Atmospheric CO2 and 13CO2 exchange with the terrestrial biosphere and       "
" oceans from 1978 to 2000: observations and carbon cycle implications, pages 83-113,       "
" in "A History of Atmospheric CO2 and its effects on Plants, Animals, and Ecosystems",     "
" editors, Ehleringer, J.R., T. E. Cerling, M. D. Dearing, Springer Verlag,                 "
" New York, 2005.                                                                           "
"                                                                                           "
"-------------------------------------------------------------------------------------------"
"                                                                                           "
" The data file below contains 10 columns.  Columns 1-4 give the dates in several redundant "
" formats. Column 5 below gives monthly CO2 concentrations in micro-mol CO2 per mole (ppm)  "
" reported on the 2008A SIO manometric mole fraction scale.  This is the standard           "
" version of the data most often sought.  The monthly values have been adjusted             "
" to 24:00 hours on the 15th of each month.  Column 6 gives the same data after a seasonal  "
" adjustment to remove the quasi-regular seasonal cycle.  The adjustment involves           "
" subtracting from the data a 4-harmonic fit with a linear gain factor.  Column 7 is a      "
" smoothed version of the data generated from a stiff cubic spline function plus 4-harmonic "
" functions with linear gain.  Column 8 is the same smoothed version with the seasonal      "
" cycle removed.  Column 9 is identical to Column 5 except that the missing values from     "
" Column 5 have been filled with values from Column 7.  Column 10 is identical to Column 6  "
" except missing values have been filled with values from Column 8.  Missing values are     "
" denoted by -99.99                                                                         "
"                                                                                           "
" CO2 concentrations are measured on the '08A' calibration scale                            "
"                                                                                           "
  Yr, Mn,    Date,      Date,     CO2,seasonally,        fit,  seasonally,      CO2, seasonally
    ,   ,        ,          ,        ,  adjusted,           ,adjusted fit,   filled,adjusted filled
    ,   ,   Excel,          ,   [ppm],    [ppm] ,      [ppm],    [ppm],       [ppm],    [ppm]
1960, 01,   21930, 1960.0410,   -99.99,   -99.99,     -99.99,   -99.99,     -99.99,   -99.99
1960, 02,   21961, 1960.1257,   -99.99,   -99.99,     -99.99,   -99.99,     -99.99,   -99.99
1960, 03,   21990, 1960.2049,   317.68,   316.28,     317.76,   316.34,     317.68,   316.28
1960, 04,   22021, 1960.2896,   319.06,   316.56,     318.93,   316.42,     319.06,   316.56
1960, 05,   22051, 1960.3716,   -99.99,   -99.99,     319.43,   316.50,     319.43,   316.50
1960, 06,   22082, 1960.4563,   -99.99,   -99.99,     318.68,   316.58,     318.68,   316.58
1960, 07,   22112, 1960.5383,   -99.99,   -99.99,     317.12,   316.66,     317.12,   316.66
1960, 08,   22143, 1960.6230,   315.74,   317.33,     315.12,   316.74,     315.74,   317.33
1960, 09,   22174, 1960.7077,   -99.99,   -99.99,     313.71,   316.83,     313.71,   316.83
1960, 10,   22204, 1960.7896,   312.84,   315.85,     313.92,   316.91,     312.84,   315.85
1960, 11,   22235, 1960.8743,   -99.99,   -99.99,     315.23,   317.00,     315.23,   317.00
1960, 12,   22265, 1960.9563,   316.80,   317.46,     316.43,   317.08,     316.80,   317.46
1961, 01,   22296, 1961.0411,   317.40,   317.31,     317.27,   317.17,     317.40,   317.31
1961, 02,   22327, 1961.1260,   -99.99,   -99.99,     317.92,   317.26,     317.92,   317.26
1961, 03,   22355, 1961.2027,   318.14,   316.76,     318.74,   317.34,     318.14,   316.76
1961, 04,   22386, 1961.2877,   -99.99,   -99.99,     319.94,   317.43,     319.94,   317.43
1961, 05,   22416, 1961.3699,   -99.99,   -99.99,     320.47,   317.52,     320.47,   317.52
1961, 06,   22447, 1961.4548,   318.82,   316.67,     319.75,   317.62,     318.82,   316.67
1961, 07,   22477, 1961.5370,   318.94,   318.42,     318.20,   317.70,     318.94,   318.42
1961, 08,   22508, 1961.6219,   315.49,   317.06,     316.19,   317.79,     315.49,   317.06
1961, 09,   22539, 1961.7068,   315.63,   318.74,     314.74,   317.87,     315.63,   318.74
1961, 10,   22569, 1961.7890,   314.91,   317.93,     314.92,   317.93,     314.91,   317.93
1961, 11,   22600, 1961.8740,   316.17,   317.96,     316.22,   317.99,     316.17,   317.96
1961, 12,   22630, 1961.9562,   318.15,   318.81,     317.39,   318.04,     318.15,   318.81
1962, 01,   22661, 1962.0411,   317.85,   317.76,     318.18,   318.08,     317.85,   317.76
1962, 02,   22692, 1962.1260,   318.35,   317.70,     318.78,   318.12,     318.35,   317.70
1962, 03,   22720, 1962.2027,   320.03,   318.64,     319.55,   318.15,     320.03,   318.64
1962, 04,   22751, 1962.2877,   320.29,   317.80,     320.69,   318.18,     320.29,   317.80
1962, 05,   22781, 1962.3699,   321.53,   318.57,     321.16,   318.21,     321.53,   318.57
1962, 06,   22812, 1962.4548,   320.06,   317.90,     320.38,   318.24,     320.06,   317.90
1962, 07,   22842, 1962.5370,   318.01,   317.48,     318.77,   318.28,     318.01,   317.48
1962, 08,   22873, 1962.6219,   317.12,   318.69,     316.71,   318.32,     317.12,   318.69
1962, 09,   22904, 1962.7068,   315.36,   318.48,     315.23,   318.37,     315.36,   318.48
1962, 10,   22934, 1962.7890,   314.66,   317.69,     315.40,   318.42,     314.66,   317.69
1962, 11,   22965, 1962.8740,   316.94,   318.75,     316.70,   318.47,     316.94,   318.75
1962, 12,   22995, 1962.9562,   -99.99,   -99.99,     317.88,   318.53,     317.88,   318.53
1963, 01,   23026, 1963.0411,   -99.99,   -99.99,     318.69,   318.59,     318.69,   318.59
1963, 02,   23057, 1963.1260,   -99.99,   -99.99,     319.32,   318.65,     319.32,   318.65
1963, 03,   23085, 1963.2027,   -99.99,   -99.99,     320.11,   318.71,     320.11,   318.71
1963, 04,   23116, 1963.2877,   -99.99,   -99.99,     321.29,   318.77,     321.29,   318.77
1963, 05,   23146, 1963.3699,   -99.99,   -99.99,     321.79,   318.83,     321.79,   318.83
1963, 06,   23177, 1963.4548,   -99.99,   -99.99,     321.03,   318.88,     321.03,   318.88
1963, 07,   23207, 1963.5370,   -99.99,   -99.99,     319.44,   318.94,     319.44,   318.94
1963, 08,   23238, 1963.6219,   -99.99,   -99.99,     317.38,   319.00,     317.38,   319.00
1963, 09,   23269, 1963.7068,   316.42,   319.55,     315.90,   319.05,     316.42,   319.55
1963, 10,   23299, 1963.7890,   -99.99,   -99.99,     316.06,   319.09,     316.06,   319.09
1963, 11,   23330, 1963.8740,   -99.99,   -99.99,     317.35,   319.14,     317.35,   319.14
1963, 12,   23360, 1963.9562,   -99.99,   -99.99,     318.53,   319.18,     318.53,   319.18
1964, 01,   23391, 1964.0410,   -99.99,   -99.99,     319.32,   319.22,     319.32,   319.22
1964, 02,   23422, 1964.1257,   -99.99,   -99.99,     319.93,   319.26,     319.93,   319.26
1964, 03,   23451, 1964.2049,   -99.99,   -99.99,     320.74,   319.30,     320.74,   319.30
1964, 04,   23482, 1964.2896,   -99.99,   -99.99,     321.88,   319.33,     321.88,   319.33
1964, 05,   23512, 1964.3716,   -99.99,   -99.99,     322.34,   319.37,     322.34,   319.37
1964, 06,   23543, 1964.4563,   -99.99,   -99.99,     321.54,   319.40,     321.54,   319.40
1964, 07,   23573, 1964.5383,   -99.99,   -99.99,     319.91,   319.44,     319.91,   319.44
1964, 08,   23604, 1964.6230,   -99.99,   -99.99,     317.83,   319.48,     317.83,   319.48
1964, 09,   23635, 1964.7077,   -99.99,   -99.99,     316.35,   319.52,     316.35,   319.52
1964, 10,   23665, 1964.7896,   -99.99,   -99.99,     316.52,   319.56,     316.52,   319.56
1964, 11,   23696, 1964.8743,   -99.99,   -99.99,     317.82,   319.60,     317.82,   319.60
1964, 12,   23726, 1964.9563,   319.02,   319.69,     318.99,   319.65,     319.02,   319.69
1965, 01,   23757, 1965.0411,   319.92,   319.83,     319.80,   319.70,     319.92,   319.83
1965, 02,   23788, 1965.1260,   -99.99,   -99.99,     320.42,   319.75,     320.42,   319.75
1965, 03,   23816, 1965.2027,   -99.99,   -99.99,     321.22,   319.80,     321.22,   319.80
1965, 04,   23847, 1965.2877,   322.61,   320.09,     322.40,   319.86,     322.61,   320.09
1965, 05,   23877, 1965.3699,   -99.99,   -99.99,     322.92,   319.93,     322.92,   319.93
1965, 06,   23908, 1965.4548,   -99.99,   -99.99,     322.17,   320.01,     322.17,   320.01
1965, 07,   23938, 1965.5370,   319.27,   318.73,     320.59,   320.09,     319.27,   318.73
1965, 08,   23969, 1965.6219,   -99.99,   -99.99,     318.56,   320.18,     318.56,   320.18
1965, 09,   24000, 1965.7068,   -99.99,   -99.99,     317.12,   320.29,     317.12,   320.29
1965, 10,   24030, 1965.7890,   -99.99,   -99.99,     317.34,   320.39,     317.34,   320.39
1965, 11,   24061, 1965.8740,   -99.99,   -99.99,     318.71,   320.51,     318.71,   320.51
1965, 12,   24091, 1965.9562,   -99.99,   -99.99,     319.97,   320.63,     319.97,   320.63
1966, 01,   24122, 1966.0411,   320.50,   320.41,     320.85,   320.75,     320.50,   320.41
1966, 02,   24153, 1966.1260,   321.89,   321.23,     321.55,   320.87,     321.89,   321.23
1966, 03,   24181, 1966.2027,   -99.99,   -99.99,     322.41,   320.99,     322.41,   320.99
1966, 04,   24212, 1966.2877,   324.42,   321.89,     323.65,   321.11,     324.42,   321.89
1966, 05,   24242, 1966.3699,   -99.99,   -99.99,     324.22,   321.22,     324.22,   321.22
1966, 06,   24273, 1966.4548,   -99.99,   -99.99,     323.50,   321.33,     323.50,   321.33
1966, 07,   24303, 1966.5370,   -99.99,   -99.99,     321.94,   321.44,     321.94,   321.44
1966, 08,   24334, 1966.6219,   -99.99,   -99.99,     319.91,   321.54,     319.91,   321.54
1966, 09,   24365, 1966.7068,   -99.99,   -99.99,     318.46,   321.63,     318.46,   321.63
1966, 10,   24395, 1966.7890,   319.33,   322.41,     318.66,   321.72,     319.33,   322.41
1966, 11,   24426, 1966.8740,   319.77,   321.59,     320.00,   321.80,     319.77,   321.59
1966, 12,   24456, 1966.9562,   321.15,   321.82,     321.22,   321.88,     321.15,   321.82
1967, 01,   24487, 1967.0411,   -99.99,   -99.99,     322.05,   321.95,     322.05,   321.95
1967, 02,   24518, 1967.1260,   -99.99,   -99.99,     322.69,   322.02,     322.69,   322.02
1967, 03,   24546, 1967.2027,   -99.99,   -99.99,     323.51,   322.08,     323.51,   322.08
1967, 04,   24577, 1967.2877,   -99.99,   -99.99,     324.70,   322.14,     324.70,   322.14
1967, 05,   24607, 1967.3699,   -99.99,   -99.99,     325.20,   322.20,     325.20,   322.20
1967, 06,   24638, 1967.4548,   324.85,   322.65,     324.43,   322.26,     324.85,   322.65
1967, 07,   24668, 1967.5370,   322.77,   322.23,     322.81,   322.31,     322.77,   322.23
1967, 08,   24699, 1967.6219,   -99.99,   -99.99,     320.73,   322.36,     320.73,   322.36
1967, 09,   24730, 1967.7068,   -99.99,   -99.99,     319.23,   322.42,     319.23,   322.42
1967, 10,   24760, 1967.7890,   -99.99,   -99.99,     319.40,   322.47,     319.40,   322.47
1967, 11,   24791, 1967.8740,   -99.99,   -99.99,     320.72,   322.53,     320.72,   322.53
1967, 12,   24821, 1967.9562,   -99.99,   -99.99,     321.92,   322.59,     321.92,   322.59
1968, 01,   24852, 1968.0410,   -99.99,   -99.99,     322.76,   322.65,     322.76,   322.65
1968, 02,   24883, 1968.1257,   -99.99,   -99.99,     323.40,   322.73,     323.40,   322.73
1968, 03,   24912, 1968.2049,   323.28,   321.84,     324.26,   322.80,     323.28,   321.84
1968, 04,   24943, 1968.2896,   -99.99,   -99.99,     325.47,   322.89,     325.47,   322.89
1968, 05,   24973, 1968.3716,   326.23,   323.22,     325.99,   322.98,     326.23,   323.22
1968, 06,   25004, 1968.4563,   -99.99,   -99.99,     325.24,   323.07,     325.24,   323.07
1968, 07,   25034, 1968.5383,   323.60,   323.09,     323.65,   323.18,     323.60,   323.09
1968, 08,   25065, 1968.6230,   322.58,   324.21,     321.62,   323.29,     322.58,   324.21
1968, 09,   25096, 1968.7077,   -99.99,   -99.99,     320.20,   323.40,     320.20,   323.40
1968, 10,   25126, 1968.7896,   319.39,   322.48,     320.44,   323.52,     319.39,   322.48
1968, 11,   25157, 1968.8743,   320.98,   322.81,     321.84,   323.65,     320.98,   322.81
1968, 12,   25187, 1968.9563,   323.06,   323.74,     323.11,   323.78,     323.06,   323.74
1969, 01,   25218, 1969.0411,   324.29,   324.19,     324.02,   323.92,     324.29,   324.19
1969, 02,   25249, 1969.1260,   324.15,   323.49,     324.74,   324.06,     324.15,   323.49
1969, 03,   25277, 1969.2027,   -99.99,   -99.99,     325.62,   324.19,     325.62,   324.19
1969, 04,   25308, 1969.2877,   326.54,   323.99,     326.90,   324.32,     326.54,   323.99
1969, 05,   25338, 1969.3699,   328.14,   325.11,     327.48,   324.45,     328.14,   325.11
1969, 06,   25369, 1969.4548,   326.72,   324.50,     326.77,   324.58,     326.72,   324.50
1969, 07,   25399, 1969.5370,   -99.99,   -99.99,     325.20,   324.69,     325.20,   324.69
1969, 08,   25430, 1969.6219,   323.73,   325.34,     323.15,   324.80,     323.73,   325.34
1969, 09,   25461, 1969.7068,   322.29,   325.49,     321.68,   324.90,     322.29,   325.49
1969, 10,   25491, 1969.7890,   321.00,   324.11,     321.88,   324.98,     321.00,   324.11
1969, 11,   25522, 1969.8740,   323.36,   325.21,     323.24,   325.06,     323.36,   325.21
1969, 12,   25552, 1969.9562,   323.52,   324.20,     324.46,   325.13,     323.52,   324.20
1970, 01,   25583, 1970.0411,   325.24,   325.15,     325.30,   325.20,     325.24,   325.15
1970, 02,   25614, 1970.1260,   -99.99,   -99.99,     325.95,   325.27,     325.95,   325.27
1970, 03,   25642, 1970.2027,   326.80,   325.37,     326.76,   325.32,     326.80,   325.37
1970, 04,   25673, 1970.2877,   328.23,   325.67,     327.96,   325.38,     328.23,   325.67
1970, 05,   25703, 1970.3699,   328.33,   325.29,     328.46,   325.43,     328.33,   325.29
1970, 06,   25734, 1970.4548,   -99.99,   -99.99,     327.67,   325.47,     327.67,   325.47
1970, 07,   25764, 1970.5370,   325.98,   325.44,     326.03,   325.51,     325.98,   325.44
1970, 08,   25795, 1970.6219,   323.39,   325.01,     323.90,   325.56,     323.39,   325.01
1970, 09,   25826, 1970.7068,   323.74,   326.94,     322.37,   325.59,     323.74,   326.94
1970, 10,   25856, 1970.7890,   323.09,   326.21,     322.52,   325.63,     323.09,   326.21
1970, 11,   25887, 1970.8740,   324.29,   326.14,     323.83,   325.65,     324.29,   326.14
1970, 12,   25917, 1970.9562,   -99.99,   -99.99,     325.01,   325.68,     325.01,   325.68
1971, 01,   25948, 1971.0411,   326.07,   325.97,     325.81,   325.71,     326.07,   325.97
1971, 02,   25979, 1971.1260,   326.88,   326.21,     326.43,   325.75,     326.88,   326.21
1971, 03,   26007, 1971.2027,   327.01,   325.58,     327.23,   325.79,     327.01,   325.58
1971, 04,   26038, 1971.2877,   327.17,   324.60,     328.43,   325.85,     327.17,   324.60
1971, 05,   26068, 1971.3699,   328.53,   325.48,     328.96,   325.92,     328.53,   325.48
1971, 06,   26099, 1971.4548,   326.54,   324.31,     328.22,   326.01,     326.54,   324.31
1971, 07,   26129, 1971.5370,   326.89,   326.35,     326.63,   326.11,     326.89,   326.35
1971, 08,   26160, 1971.6219,   325.63,   327.26,     324.57,   326.23,     325.63,   327.26
1971, 09,   26191, 1971.7068,   323.53,   326.75,     323.12,   326.36,     323.53,   326.75
1971, 10,   26221, 1971.7890,   -99.99,   -99.99,     323.37,   326.48,     323.37,   326.48
1971, 11,   26252, 1971.8740,   -99.99,   -99.99,     324.79,   326.62,     324.79,   326.62
1971, 12,   26282, 1971.9562,   325.99,   326.67,     326.09,   326.76,     325.99,   326.67
1972, 01,   26313, 1972.0410,   326.76,   326.67,     327.01,   326.90,     326.76,   326.67
1972, 02,   26344, 1972.1257,   328.17,   327.49,     327.74,   327.06,     328.17,   327.49
1972, 03,   26373, 1972.2049,   328.54,   327.08,     328.68,   327.20,     328.54,   327.08
1972, 04,   26404, 1972.2896,   329.87,   327.26,     329.98,   327.35,     329.87,   327.26
1972, 05,   26434, 1972.3716,   330.47,   327.42,     330.56,   327.51,     330.47,   327.42
1972, 06,   26465, 1972.4563,   329.37,   327.15,     329.86,   327.66,     329.37,   327.15
1972, 07,   26495, 1972.5383,   328.78,   328.27,     328.30,   327.82,     328.78,   328.27
1972, 08,   26526, 1972.6230,   326.89,   328.54,     326.29,   327.98,     326.89,   328.54
1972, 09,   26557, 1972.7077,   324.72,   327.96,     324.88,   328.13,     324.72,   327.96
1972, 10,   26587, 1972.7896,   325.14,   328.28,     325.16,   328.28,     325.14,   328.28
1972, 11,   26618, 1972.8743,   326.68,   328.54,     326.60,   328.43,     326.68,   328.54
1972, 12,   26648, 1972.9563,   327.78,   328.47,     327.91,   328.58,     327.78,   328.47
1973, 01,   26679, 1973.0411,   328.66,   328.57,     328.83,   328.73,     328.66,   328.57
1973, 02,   26710, 1973.1260,   329.16,   328.48,     329.56,   328.87,     329.16,   328.48
1973, 03,   26738, 1973.2027,   330.11,   328.67,     330.46,   329.00,     330.11,   328.67
1973, 04,   26769, 1973.2877,   331.33,   328.74,     331.75,   329.14,     331.33,   328.74
1973, 05,   26799, 1973.3699,   332.64,   329.57,     332.33,   329.26,     332.64,   329.57
1973, 06,   26830, 1973.4548,   332.02,   329.77,     331.60,   329.38,     332.02,   329.77
1973, 07,   26860, 1973.5370,   330.41,   329.86,     329.99,   329.48,     330.41,   329.86
1973, 08,   26891, 1973.6219,   329.00,   330.64,     327.89,   329.56,     329.00,   330.64
1973, 09,   26922, 1973.7068,   -99.99,   -99.99,     326.37,   329.63,     326.37,   329.63
1973, 10,   26952, 1973.7890,   327.22,   330.37,     326.54,   329.68,     327.22,   330.37
1973, 11,   26983, 1973.8740,   328.43,   330.30,     327.87,   329.72,     328.43,   330.30
1973, 12,   27013, 1973.9562,   329.20,   329.90,     329.08,   329.75,     329.20,   329.90
1974, 01,   27044, 1974.0411,   329.94,   329.84,     329.89,   329.78,     329.94,   329.84
1974, 02,   27075, 1974.1260,   329.49,   328.81,     330.50,   329.81,     329.49,   328.81
1974, 03,   27103, 1974.2027,   329.80,   328.35,     331.31,   329.85,     329.80,   328.35
1974, 04,   27134, 1974.2877,   332.45,   329.85,     332.51,   329.90,     332.45,   329.85
1974, 05,   27164, 1974.3699,   332.65,   329.57,     333.04,   329.96,     332.65,   329.57
1974, 06,   27195, 1974.4548,   331.53,   329.28,     332.26,   330.03,     331.53,   329.28
1974, 07,   27225, 1974.5370,   331.05,   330.50,     330.63,   330.11,     331.05,   330.50
1974, 08,   27256, 1974.6219,   329.02,   330.66,     328.52,   330.20,     329.02,   330.66
1974, 09,   27287, 1974.7068,   326.74,   330.00,     327.02,   330.29,     326.74,   330.00
1974, 10,   27317, 1974.7890,   327.80,   330.96,     327.23,   330.38,     327.80,   330.96
1974, 11,   27348, 1974.8740,   328.81,   330.69,     328.62,   330.47,     328.81,   330.69
1974, 12,   27378, 1974.9562,   330.41,   331.11,     329.88,   330.56,     330.41,   331.11
1975, 01,   27409, 1975.0411,   -99.99,   -99.99,     330.75,   330.65,     330.75,   330.65
1975, 02,   27440, 1975.1260,   331.07,   330.39,     331.43,   330.73,     331.07,   330.39
1975, 03,   27468, 1975.2027,   332.10,   330.65,     332.28,   330.81,     332.10,   330.65
1975, 04,   27499, 1975.2877,   333.24,   330.63,     333.53,   330.91,     333.24,   330.63
1975, 05,   27529, 1975.3699,   334.26,   331.17,     334.08,   331.00,     334.26,   331.17
1975, 06,   27560, 1975.4548,   332.51,   330.25,     333.33,   331.09,     332.51,   330.25
1975, 07,   27590, 1975.5370,   331.89,   331.34,     331.70,   331.18,     331.89,   331.34
1975, 08,   27621, 1975.6219,   329.97,   331.62,     329.58,   331.26,     329.97,   331.62
1975, 09,   27652, 1975.7068,   329.18,   332.44,     328.07,   331.35,     329.18,   332.44
1975, 10,   27682, 1975.7890,   328.34,   331.52,     328.27,   331.43,     328.34,   331.52
1975, 11,   27713, 1975.8740,   329.00,   330.89,     329.64,   331.50,     329.00,   330.89
1975, 12,   27743, 1975.9562,   330.73,   331.42,     330.90,   331.58,     330.73,   331.42
1976, 01,   27774, 1976.0410,   331.22,   331.13,     331.76,   331.66,     331.22,   331.13
1976, 02,   27805, 1976.1257,   332.78,   332.10,     332.42,   331.73,     332.78,   332.10
1976, 03,   27834, 1976.2049,   334.25,   332.76,     333.30,   331.80,     334.25,   332.76
1976, 04,   27865, 1976.2896,   334.70,   332.06,     334.53,   331.88,     334.70,   332.06
1976, 05,   27895, 1976.3716,   334.64,   331.54,     335.04,   331.95,     334.64,   331.54
1976, 06,   27926, 1976.4563,   334.73,   332.48,     334.25,   332.03,     334.73,   332.48
1976, 07,   27956, 1976.5383,   332.38,   331.86,     332.60,   332.11,     332.38,   331.86
1976, 08,   27987, 1976.6230,   330.65,   332.32,     330.48,   332.20,     330.65,   332.32
1976, 09,   28018, 1976.7077,   328.79,   332.07,     329.00,   332.30,     328.79,   332.07
1976, 10,   28048, 1976.7896,   328.49,   331.67,     329.24,   332.40,     328.49,   331.67
1976, 11,   28079, 1976.8743,   330.70,   332.58,     330.67,   332.53,     330.70,   332.58
1976, 12,   28109, 1976.9563,   332.17,   332.87,     331.98,   332.66,     332.17,   332.87
1977, 01,   28140, 1977.0411,   333.10,   333.01,     332.91,   332.81,     333.10,   333.01
1977, 02,   28171, 1977.1260,   333.07,   332.38,     333.66,   332.97,     333.07,   332.38
1977, 03,   28199, 1977.2027,   334.30,   332.84,     334.60,   333.12,     334.30,   332.84
1977, 04,   28230, 1977.2877,   336.17,   333.54,     335.94,   333.29,     336.17,   333.54
1977, 05,   28260, 1977.3699,   336.71,   333.60,     336.58,   333.47,     336.71,   333.60
1977, 06,   28291, 1977.4548,   336.47,   334.20,     335.91,   333.65,     336.47,   334.20
1977, 07,   28321, 1977.5370,   334.95,   334.39,     334.36,   333.83,     334.95,   334.39
1977, 08,   28352, 1977.6219,   331.68,   333.33,     332.32,   334.02,     331.68,   333.33
1977, 09,   28383, 1977.7068,   330.79,   334.07,     330.90,   334.20,     330.79,   334.07
1977, 10,   28413, 1977.7890,   330.36,   333.56,     331.20,   334.38,     330.36,   333.56
1977, 11,   28444, 1977.8740,   332.55,   334.45,     332.69,   334.56,     332.55,   334.45
1977, 12,   28474, 1977.9562,   334.11,   334.81,     334.04,   334.73,     334.11,   334.81
1978, 01,   28505, 1978.0411,   335.37,   335.27,     335.01,   334.90,     335.37,   335.27
1978, 02,   28536, 1978.1260,   336.11,   335.42,     335.76,   335.06,     336.11,   335.42
1978, 03,   28564, 1978.2027,   337.02,   335.56,     336.68,   335.20,     337.02,   335.56
1978, 04,   28595, 1978.2877,   -99.99,   -99.99,     337.99,   335.34,     337.99,   335.34
1978, 05,   28625, 1978.3699,   -99.99,   -99.99,     338.59,   335.47,     338.59,   335.47
1978, 06,   28656, 1978.4548,   337.76,   335.47,     337.86,   335.59,     337.76,   335.47
1978, 07,   28686, 1978.5370,   336.68,   336.12,     336.23,   335.71,     336.68,   336.12
1978, 08,   28717, 1978.6219,   -99.99,   -99.99,     334.12,   335.82,     334.12,   335.82
1978, 09,   28748, 1978.7068,   332.81,   336.10,     332.61,   335.92,     332.81,   336.10
1978, 10,   28778, 1978.7890,   -99.99,   -99.99,     332.83,   336.02,     332.83,   336.02
1978, 11,   28809, 1978.8740,   334.26,   336.16,     334.24,   336.12,     334.26,   336.16
1978, 12,   28839, 1978.9562,   335.03,   335.73,     335.53,   336.22,     335.03,   335.73
1979, 01,   28870, 1979.0411,   336.39,   336.30,     336.43,   336.32,     336.39,   336.30
1979, 02,   28901, 1979.1260,   336.91,   336.22,     337.13,   336.43,     336.91,   336.22
1979, 03,   28929, 1979.2027,   338.40,   336.93,     338.02,   336.54,     338.40,   336.93
1979, 04,   28960, 1979.2877,   338.44,   335.80,     339.32,   336.66,     338.44,   335.80
1979, 05,   28990, 1979.3699,   339.42,   336.29,     339.92,   336.79,     339.42,   336.29
1979, 06,   29021, 1979.4548,   339.02,   336.73,     339.20,   336.93,     339.02,   336.73
1979, 07,   29051, 1979.5370,   338.22,   337.66,     337.60,   337.07,     338.22,   337.66
1979, 08,   29082, 1979.6219,   336.23,   337.90,     335.52,   337.22,     336.23,   337.90
1979, 09,   29113, 1979.7068,   333.58,   336.89,     334.05,   337.37,     333.58,   336.89
1979, 10,   29143, 1979.7890,   333.90,   337.12,     334.32,   337.52,     333.90,   337.12
1979, 11,   29174, 1979.8740,   335.61,   337.52,     335.80,   337.68,     335.61,   337.52
1979, 12,   29204, 1979.9562,   337.21,   337.92,     337.15,   337.84,     337.21,   337.92
1980, 01,   29235, 1980.0410,   -99.99,   -99.99,     338.11,   338.00,     338.11,   338.00
1980, 02,   29266, 1980.1257,   339.29,   338.60,     338.86,   338.16,     339.29,   338.60
1980, 03,   29295, 1980.2049,   340.30,   338.80,     339.82,   338.30,     340.30,   338.80
1980, 04,   29326, 1980.2896,   340.34,   337.67,     341.15,   338.45,     340.34,   337.67
1980, 05,   29356, 1980.3716,   341.71,   338.57,     341.73,   338.60,     341.71,   338.57
1980, 06,   29387, 1980.4563,   341.01,   338.73,     340.99,   338.74,     341.01,   338.73
1980, 07,   29417, 1980.5383,   338.53,   338.00,     339.38,   338.88,     338.53,   338.00
1980, 08,   29448, 1980.6230,   337.56,   339.26,     337.29,   339.02,     337.56,   339.26
1980, 09,   29479, 1980.7077,   335.66,   338.98,     335.82,   339.16,     335.66,   338.98
1980, 10,   29509, 1980.7896,   336.26,   339.49,     336.08,   339.29,     336.26,   339.49
1980, 11,   29540, 1980.8743,   337.32,   339.23,     337.53,   339.42,     337.32,   339.23
1980, 12,   29570, 1980.9563,   -99.99,   -99.99,     338.84,   339.54,     338.84,   339.54
1981, 01,   29601, 1981.0411,   339.70,   339.61,     339.76,   339.65,     339.70,   339.61
1981, 02,   29632, 1981.1260,   340.54,   339.85,     340.47,   339.77,     340.54,   339.85
1981, 03,   29660, 1981.2027,   341.27,   339.80,     341.36,   339.86,     341.27,   339.80
1981, 04,   29691, 1981.2877,   343.20,   340.54,     342.64,   339.96,     343.20,   340.54
1981, 05,   29721, 1981.3699,   343.16,   340.01,     343.20,   340.05,     343.16,   340.01
1981, 06,   29752, 1981.4548,   342.32,   340.02,     342.43,   340.14,     342.32,   340.02
1981, 07,   29782, 1981.5370,   -99.99,   -99.99,     340.76,   340.23,     340.76,   340.23
1981, 08,   29813, 1981.6219,   338.62,   340.30,     338.60,   340.31,     338.62,   340.30
1981, 09,   29844, 1981.7068,   336.92,   340.25,     337.05,   340.39,     336.92,   340.25
1981, 10,   29874, 1981.7890,   336.95,   340.19,     337.25,   340.47,     336.95,   340.19
1981, 11,   29905, 1981.8740,   338.28,   340.20,     338.66,   340.56,     338.28,   340.20
1981, 12,   29935, 1981.9562,   340.05,   340.76,     339.94,   340.64,     340.05,   340.76
1982, 01,   29966, 1982.0411,   340.67,   340.57,     340.82,   340.71,     340.67,   340.57
1982, 02,   29997, 1982.1260,   341.62,   340.93,     341.49,   340.78,     341.62,   340.93
1982, 03,   30025, 1982.2027,   343.22,   341.74,     342.33,   340.83,     343.22,   341.74
1982, 04,   30056, 1982.2877,   344.06,   341.39,     343.56,   340.87,     344.06,   341.39
1982, 05,   30086, 1982.3699,   343.62,   340.46,     344.07,   340.91,     343.62,   340.46
1982, 06,   30117, 1982.4548,   342.58,   340.27,     343.23,   340.94,     342.58,   340.27
1982, 07,   30147, 1982.5370,   342.24,   341.67,     341.52,   340.98,     342.24,   341.67
1982, 08,   30178, 1982.6219,   339.00,   340.69,     339.32,   341.04,     339.00,   340.69
1982, 09,   30209, 1982.7068,   337.64,   340.98,     337.75,   341.11,     337.64,   340.98
1982, 10,   30239, 1982.7890,   337.88,   341.13,     337.96,   341.19,     337.88,   341.13
1982, 11,   30270, 1982.8740,   339.07,   341.00,     339.40,   341.30,     339.07,   341.00
1982, 12,   30300, 1982.9562,   340.31,   341.03,     340.74,   341.43,     340.31,   341.03
1983, 01,   30331, 1983.0411,   341.81,   341.72,     341.70,   341.59,     341.81,   341.72
1983, 02,   30362, 1983.1260,   342.39,   341.69,     342.48,   341.77,     342.39,   341.69
1983, 03,   30390, 1983.2027,   342.68,   341.20,     343.45,   341.94,     342.68,   341.20
1983, 04,   30421, 1983.2877,   345.40,   342.72,     344.84,   342.15,     345.40,   342.72
1983, 05,   30451, 1983.3699,   345.96,   342.78,     345.52,   342.35,     345.96,   342.78
1983, 06,   30482, 1983.4548,   345.32,   342.99,     344.85,   342.55,     345.32,   342.99
1983, 07,   30512, 1983.5370,   343.14,   342.57,     343.27,   342.74,     343.14,   342.57
1983, 08,   30543, 1983.6219,   341.50,   343.19,     341.20,   342.93,     341.50,   343.19
1983, 09,   30574, 1983.7068,   339.83,   343.18,     339.75,   343.11,     339.83,   343.18
1983, 10,   30604, 1983.7890,   340.05,   343.31,     340.04,   343.29,     340.05,   343.31
1983, 11,   30635, 1983.8740,   340.89,   342.83,     341.55,   343.46,     340.89,   342.83
1983, 12,   30665, 1983.9562,   343.15,   343.87,     342.92,   343.62,     343.15,   343.87
1984, 01,   30696, 1984.0410,   343.99,   343.89,     343.89,   343.79,     343.99,   343.89
1984, 02,   30727, 1984.1257,   344.67,   343.97,     344.65,   343.94,     344.67,   343.97
1984, 03,   30756, 1984.2049,   345.51,   343.99,     345.61,   344.07,     345.51,   343.99
1984, 04,   30787, 1984.2896,   347.33,   344.62,     346.93,   344.20,     347.33,   344.62
1984, 05,   30817, 1984.3716,   347.39,   344.21,     347.49,   344.31,     347.39,   344.21
1984, 06,   30848, 1984.4563,   346.92,   344.61,     346.70,   344.42,     346.92,   344.61
1984, 07,   30878, 1984.5383,   345.15,   344.61,     345.03,   344.52,     345.15,   344.61
1984, 08,   30909, 1984.6230,   342.78,   344.50,     342.87,   344.62,     342.78,   344.50
1984, 09,   30940, 1984.7077,   340.83,   344.20,     341.34,   344.72,     340.83,   344.20
1984, 10,   30970, 1984.7896,   341.66,   344.92,     341.57,   344.82,     341.66,   344.92
1984, 11,   31001, 1984.8743,   343.07,   345.00,     343.01,   344.93,     343.07,   345.00
1984, 12,   31031, 1984.9563,   343.96,   344.68,     344.33,   345.03,     343.96,   344.68
1985, 01,   31062, 1985.0411,   344.74,   344.64,     345.25,   345.14,     344.74,   344.64
1985, 02,   31093, 1985.1260,   345.78,   345.07,     345.98,   345.26,     345.78,   345.07
1985, 03,   31121, 1985.2027,   347.44,   345.95,     346.89,   345.37,     347.44,   345.95
1985, 04,   31152, 1985.2877,   348.01,   345.32,     348.20,   345.49,     348.01,   345.32
1985, 05,   31182, 1985.3699,   348.96,   345.76,     348.79,   345.60,     348.96,   345.76
1985, 06,   31213, 1985.4548,   348.36,   346.02,     348.02,   345.71,     348.36,   346.02
1985, 07,   31243, 1985.5370,   346.61,   346.04,     346.34,   345.80,     346.61,   346.04
1985, 08,   31274, 1985.6219,   343.92,   345.62,     344.16,   345.89,     343.92,   345.62
1985, 09,   31305, 1985.7068,   342.89,   346.26,     342.60,   345.98,     342.89,   346.26
1985, 10,   31335, 1985.7890,   342.97,   346.25,     342.81,   346.07,     342.97,   346.25
1985, 11,   31366, 1985.8740,   344.12,   346.06,     344.24,   346.17,     344.12,   346.06
1985, 12,   31396, 1985.9562,   345.17,   345.89,     345.56,   346.26,     345.17,   345.89
1986, 01,   31427, 1986.0411,   346.21,   346.12,     346.48,   346.37,     346.21,   346.12
1986, 02,   31458, 1986.1260,   347.01,   346.31,     347.21,   346.49,     347.01,   346.31
1986, 03,   31486, 1986.2027,   348.09,   346.59,     348.13,   346.61,     348.09,   346.59
1986, 04,   31517, 1986.2877,   349.59,   346.88,     349.46,   346.74,     349.59,   346.88
1986, 05,   31547, 1986.3699,   350.29,   347.09,     350.07,   346.87,     350.29,   347.09
1986, 06,   31578, 1986.4548,   349.47,   347.12,     349.32,   347.00,     349.47,   347.12
1986, 07,   31608, 1986.5370,   347.85,   347.28,     347.67,   347.13,     347.85,   347.28
1986, 08,   31639, 1986.6219,   345.52,   347.22,     345.51,   347.26,     345.52,   347.22
1986, 09,   31670, 1986.7068,   344.51,   347.89,     343.98,   347.38,     344.51,   347.89
1986, 10,   31700, 1986.7890,   344.21,   347.50,     344.23,   347.50,     344.21,   347.50
1986, 11,   31731, 1986.8740,   345.57,   347.53,     345.71,   347.64,     345.57,   347.53
1986, 12,   31761, 1986.9562,   346.68,   347.40,     347.07,   347.78,     346.68,   347.40
1987, 01,   31792, 1987.0411,   347.68,   347.59,     348.05,   347.94,     347.68,   347.59
1987, 02,   31823, 1987.1260,   348.68,   347.97,     348.84,   348.12,     348.68,   347.97
1987, 03,   31851, 1987.2027,   349.62,   348.11,     349.83,   348.31,     349.62,   348.11
1987, 04,   31882, 1987.2877,   351.11,   348.40,     351.25,   348.52,     351.11,   348.40
1987, 05,   31912, 1987.3699,   351.79,   348.57,     351.96,   348.75,     351.79,   348.57
1987, 06,   31943, 1987.4548,   351.64,   349.29,     351.32,   348.99,     351.64,   349.29
1987, 07,   31973, 1987.5370,   350.08,   349.50,     349.76,   349.22,     350.08,   349.50
1987, 08,   32004, 1987.6219,   347.40,   349.11,     347.72,   349.47,     347.40,   349.11
1987, 09,   32035, 1987.7068,   346.73,   350.12,     346.30,   349.71,     346.73,   350.12
1987, 10,   32065, 1987.7890,   346.72,   350.02,     346.65,   349.93,     346.72,   350.02
1987, 11,   32096, 1987.8740,   348.29,   350.25,     348.23,   350.16,     348.29,   350.25
1987, 12,   32126, 1987.9562,   349.41,   350.13,     349.67,   350.38,     349.41,   350.13
1988, 01,   32157, 1988.0410,   350.35,   350.25,     350.70,   350.59,     350.35,   350.25
1988, 02,   32188, 1988.1257,   351.76,   351.06,     351.52,   350.80,     351.76,   351.06
1988, 03,   32217, 1988.2049,   352.52,   350.98,     352.55,   351.00,     352.52,   350.98
1988, 04,   32248, 1988.2896,   354.05,   351.30,     353.95,   351.19,     354.05,   351.30
1988, 05,   32278, 1988.3716,   354.39,   351.17,     354.59,   351.37,     354.39,   351.17
1988, 06,   32309, 1988.4563,   353.79,   351.45,     353.86,   351.54,     353.79,   351.45
1988, 07,   32339, 1988.5383,   352.46,   351.92,     352.21,   351.70,     352.46,   351.92
1988, 08,   32370, 1988.6230,   350.42,   352.16,     350.06,   351.84,     350.42,   352.16
1988, 09,   32401, 1988.7077,   348.89,   352.30,     348.55,   351.97,     348.89,   352.30
1988, 10,   32431, 1988.7896,   348.98,   352.28,     348.79,   352.08,     348.98,   352.28
1988, 11,   32462, 1988.8743,   349.80,   351.76,     350.25,   352.19,     349.80,   351.76
1988, 12,   32492, 1988.9563,   351.39,   352.11,     351.58,   352.29,     351.39,   352.11
1989, 01,   32523, 1989.0411,   352.48,   352.38,     352.50,   352.39,     352.48,   352.38
1989, 02,   32554, 1989.1260,   353.19,   352.47,     353.21,   352.49,     353.19,   352.47
1989, 03,   32582, 1989.2027,   353.63,   352.11,     354.11,   352.58,     353.63,   352.11
1989, 04,   32613, 1989.2877,   355.63,   352.90,     355.42,   352.68,     355.63,   352.90
1989, 05,   32643, 1989.3699,   355.90,   352.67,     356.01,   352.77,     355.90,   352.67
1989, 06,   32674, 1989.4548,   355.63,   353.27,     355.21,   352.87,     355.63,   353.27
1989, 07,   32704, 1989.5370,   354.07,   353.49,     353.50,   352.96,     354.07,   353.49
1989, 08,   32735, 1989.6219,   351.16,   352.88,     351.29,   353.05,     351.16,   352.88
1989, 09,   32766, 1989.7068,   349.35,   352.77,     349.72,   353.15,     349.35,   352.77
1989, 10,   32796, 1989.7890,   349.50,   352.82,     349.94,   353.25,     349.50,   352.82
1989, 11,   32827, 1989.8740,   351.16,   353.13,     351.42,   353.37,     351.16,   353.13
1989, 12,   32857, 1989.9562,   352.19,   352.92,     352.78,   353.49,     352.19,   352.92
1990, 01,   32888, 1990.0411,   353.71,   353.62,     353.73,   353.62,     353.71,   353.62
1990, 02,   32919, 1990.1260,   355.14,   354.43,     354.49,   353.76,     355.14,   354.43
1990, 03,   32947, 1990.2027,   355.66,   354.14,     355.42,   353.88,     355.66,   354.14
1990, 04,   32978, 1990.2877,   356.72,   353.98,     356.77,   354.01,     356.72,   353.98
1990, 05,   33008, 1990.3699,   357.60,   354.35,     357.38,   354.14,     357.60,   354.35
1990, 06,   33039, 1990.4548,   356.59,   354.21,     356.61,   354.26,     356.59,   354.21
1990, 07,   33069, 1990.5370,   355.29,   354.71,     354.92,   354.38,     355.29,   354.71
1990, 08,   33100, 1990.6219,   352.58,   354.31,     352.74,   354.50,     352.58,   354.31
1990, 09,   33131, 1990.7068,   351.09,   354.52,     351.18,   354.63,     351.09,   354.52
1990, 10,   33161, 1990.7890,   351.17,   354.50,     351.43,   354.75,     351.17,   354.50
1990, 11,   33192, 1990.8740,   352.80,   354.78,     352.93,   354.88,     352.80,   354.78
1990, 12,   33222, 1990.9562,   354.67,   355.41,     354.29,   355.01,     354.67,   355.41
1991, 01,   33253, 1991.0411,   354.61,   354.52,     355.24,   355.13,     354.61,   354.52
1991, 02,   33284, 1991.1260,   356.03,   355.31,     355.99,   355.26,     356.03,   355.31
1991, 03,   33312, 1991.2027,   357.40,   355.87,     356.90,   355.36,     357.40,   355.87
1991, 04,   33343, 1991.2877,   358.43,   355.68,     358.22,   355.46,     358.43,   355.68
1991, 05,   33373, 1991.3699,   359.14,   355.89,     358.79,   355.54,     359.14,   355.89
1991, 06,   33404, 1991.4548,   358.29,   355.90,     357.97,   355.61,     358.29,   355.90
1991, 07,   33434, 1991.5370,   355.55,   354.96,     356.22,   355.68,     355.55,   354.96
1991, 08,   33465, 1991.6219,   354.13,   355.86,     353.97,   355.74,     354.13,   355.86
1991, 09,   33496, 1991.7068,   351.97,   355.41,     352.35,   355.81,     351.97,   355.41
1991, 10,   33526, 1991.7890,   352.19,   355.53,     352.55,   355.87,     352.19,   355.53
1991, 11,   33557, 1991.8740,   353.86,   355.85,     353.99,   355.95,     353.86,   355.85
1991, 12,   33587, 1991.9562,   355.23,   355.96,     355.31,   356.02,     355.23,   355.96
1992, 01,   33618, 1992.0410,   356.43,   356.33,     356.21,   356.10,     356.43,   356.33
1992, 02,   33649, 1992.1257,   356.83,   356.11,     356.91,   356.18,     356.83,   356.11
1992, 03,   33678, 1992.2049,   357.92,   356.36,     357.82,   356.24,     357.92,   356.36
1992, 04,   33709, 1992.2896,   359.16,   356.38,     359.10,   356.31,     359.16,   356.38
1992, 05,   33739, 1992.3716,   359.63,   356.37,     359.62,   356.36,     359.63,   356.37
1992, 06,   33770, 1992.4563,   359.46,   357.10,     358.74,   356.40,     359.46,   357.10
1992, 07,   33800, 1992.5383,   356.46,   355.91,     356.96,   356.44,     356.46,   355.91
1992, 08,   33831, 1992.6230,   354.71,   356.48,     354.67,   356.47,     354.71,   356.48
1992, 09,   33862, 1992.7077,   353.51,   356.97,     353.03,   356.50,     353.51,   356.97
1992, 10,   33892, 1992.7896,   353.08,   356.43,     353.20,   356.53,     353.08,   356.43
1992, 11,   33923, 1992.8743,   354.68,   356.66,     354.61,   356.56,     354.68,   356.66
1992, 12,   33953, 1992.9563,   355.79,   356.53,     355.88,   356.60,     355.79,   356.53
1993, 01,   33984, 1993.0411,   356.77,   356.67,     356.75,   356.64,     356.77,   356.67
1993, 02,   34015, 1993.1260,   357.01,   356.29,     357.43,   356.69,     357.01,   356.29
1993, 03,   34043, 1993.2027,   358.41,   356.87,     358.30,   356.75,     358.41,   356.87
1993, 04,   34074, 1993.2877,   359.16,   356.39,     359.60,   356.82,     359.16,   356.39
1993, 05,   34104, 1993.3699,   360.62,   357.34,     360.17,   356.90,     360.62,   357.34
1993, 06,   34135, 1993.4548,   359.67,   357.27,     359.37,   356.99,     359.67,   357.27
1993, 07,   34165, 1993.5370,   357.43,   356.84,     357.64,   357.09,     357.43,   356.84
1993, 08,   34196, 1993.6219,   355.69,   357.44,     355.41,   357.19,     355.69,   357.44
1993, 09,   34227, 1993.7068,   353.43,   356.89,     353.84,   357.31,     353.43,   356.89
1993, 10,   34257, 1993.7890,   353.81,   357.18,     354.08,   357.43,     353.81,   357.18
1993, 11,   34288, 1993.8740,   355.52,   357.52,     355.60,   357.57,     355.52,   357.52
1993, 12,   34318, 1993.9562,   356.86,   357.60,     356.99,   357.71,     356.86,   357.60
1994, 01,   34349, 1994.0411,   358.49,   358.39,     357.97,   357.86,     358.49,   358.39
1994, 02,   34380, 1994.1260,   359.09,   358.36,     358.74,   358.00,     359.09,   358.36
1994, 03,   34408, 1994.2027,   359.59,   358.05,     359.69,   358.14,     359.59,   358.05
1994, 04,   34439, 1994.2877,   361.21,   358.43,     361.07,   358.28,     361.21,   358.43
1994, 05,   34469, 1994.3699,   361.64,   358.36,     361.70,   358.42,     361.64,   358.36
1994, 06,   34500, 1994.4548,   361.05,   358.64,     360.95,   358.57,     361.05,   358.64
1994, 07,   34530, 1994.5370,   358.93,   358.34,     359.27,   358.72,     358.93,   358.34
1994, 08,   34561, 1994.6219,   357.20,   358.95,     357.10,   358.88,     357.20,   358.95
1994, 09,   34592, 1994.7068,   355.07,   358.54,     355.58,   359.06,     355.07,   358.54
1994, 10,   34622, 1994.7890,   355.75,   359.12,     355.88,   359.24,     355.75,   359.12
1994, 11,   34653, 1994.8740,   357.29,   359.29,     357.46,   359.44,     357.29,   359.29
1994, 12,   34683, 1994.9562,   359.53,   360.27,     358.90,   359.63,     359.53,   360.27
1995, 01,   34714, 1995.0411,   360.10,   360.00,     359.93,   359.82,     360.10,   360.00
1995, 02,   34745, 1995.1260,   360.75,   360.02,     360.75,   360.01,     360.75,   360.02
1995, 03,   34773, 1995.2027,   361.93,   360.38,     361.74,   360.18,     361.93,   360.38
1995, 04,   34804, 1995.2877,   363.07,   360.29,     363.15,   360.35,     363.07,   360.29
1995, 05,   34834, 1995.3699,   363.60,   360.30,     363.82,   360.52,     363.60,   360.30
1995, 06,   34865, 1995.4548,   363.53,   361.12,     363.08,   360.69,     363.53,   361.12
1995, 07,   34895, 1995.5370,   361.70,   361.11,     361.40,   360.84,     361.70,   361.11
1995, 08,   34926, 1995.6219,   358.53,   360.29,     359.21,   361.00,     358.53,   360.29
1995, 09,   34957, 1995.7068,   358.01,   361.49,     357.66,   361.16,     358.01,   361.49
1995, 10,   34987, 1995.7890,   357.55,   360.94,     357.94,   361.31,     357.55,   360.94
1995, 11,   35018, 1995.8740,   359.35,   361.36,     359.49,   361.47,     359.35,   361.36
1995, 12,   35048, 1995.9562,   360.55,   361.30,     360.90,   361.63,     360.55,   361.30
1996, 01,   35079, 1996.0410,   362.15,   362.05,     361.90,   361.79,     362.15,   362.05
1996, 02,   35110, 1996.1257,   362.88,   362.15,     362.69,   361.95,     362.88,   362.15
1996, 03,   35139, 1996.2049,   363.90,   362.31,     363.69,   362.09,     363.90,   362.31
1996, 04,   35170, 1996.2896,   364.63,   361.81,     365.06,   362.23,     364.63,   361.81
1996, 05,   35200, 1996.3716,   365.23,   361.93,     365.66,   362.36,     365.23,   361.93
1996, 06,   35231, 1996.4563,   365.30,   362.91,     364.85,   362.48,     365.30,   362.91
1996, 07,   35261, 1996.5383,   363.82,   363.26,     363.11,   362.58,     363.82,   363.26
1996, 08,   35292, 1996.6230,   361.24,   363.03,     360.85,   362.68,     361.24,   363.03
1996, 09,   35323, 1996.7077,   358.86,   362.36,     359.24,   362.76,     358.86,   362.36
1996, 10,   35353, 1996.7896,   359.39,   362.78,     359.45,   362.83,     359.39,   362.78
1996, 11,   35384, 1996.8743,   360.89,   362.89,     360.91,   362.90,     360.89,   362.89
1996, 12,   35414, 1996.9563,   362.09,   362.84,     362.23,   362.96,     362.09,   362.84
1997, 01,   35445, 1997.0411,   363.02,   362.92,     363.14,   363.03,     363.02,   362.92
1997, 02,   35476, 1997.1260,   364.21,   363.48,     363.85,   363.11,     364.21,   363.48
1997, 03,   35504, 1997.2027,   364.74,   363.18,     364.76,   363.18,     364.74,   363.18
1997, 04,   35535, 1997.2877,   366.18,   363.38,     366.10,   363.28,     366.18,   363.38
1997, 05,   35565, 1997.3699,   366.65,   363.33,     366.70,   363.39,     366.65,   363.33
1997, 06,   35596, 1997.4548,   365.56,   363.13,     365.92,   363.51,     365.56,   363.13
1997, 07,   35626, 1997.5370,   364.02,   363.43,     364.21,   363.65,     364.02,   363.43
1997, 08,   35657, 1997.6219,   362.32,   364.09,     362.02,   363.82,     362.32,   364.09
1997, 09,   35688, 1997.7068,   360.11,   363.61,     360.49,   364.01,     360.11,   363.61
1997, 10,   35718, 1997.7890,   360.51,   363.91,     360.82,   364.21,     360.51,   363.91
1997, 11,   35749, 1997.8740,   362.46,   364.48,     362.45,   364.44,     362.46,   364.48
1997, 12,   35779, 1997.9562,   363.95,   364.70,     363.95,   364.69,     363.95,   364.70
1998, 01,   35810, 1998.0411,   365.00,   364.90,     365.07,   364.95,     365.00,   364.90
1998, 02,   35841, 1998.1260,   365.72,   364.98,     365.98,   365.23,     365.72,   364.98
1998, 03,   35869, 1998.2027,   367.03,   365.47,     367.08,   365.50,     367.03,   365.47
1998, 04,   35900, 1998.2877,   368.38,   365.57,     368.63,   365.80,     368.38,   365.57
1998, 05,   35930, 1998.3699,   369.20,   365.87,     369.42,   366.09,     369.20,   365.87
1998, 06,   35961, 1998.4548,   368.81,   366.38,     368.80,   366.38,     368.81,   366.38
1998, 07,   35991, 1998.5370,   367.61,   367.01,     367.22,   366.66,     367.61,   367.01
1998, 08,   36022, 1998.6219,   365.31,   367.08,     365.11,   366.92,     365.31,   367.08
1998, 09,   36053, 1998.7068,   364.16,   367.68,     363.62,   367.15,     364.16,   367.68
1998, 10,   36083, 1998.7890,   364.04,   367.45,     363.95,   367.35,     364.04,   367.45
1998, 11,   36114, 1998.8740,   365.60,   367.63,     365.52,   367.53,     365.60,   367.63
1998, 12,   36144, 1998.9562,   367.46,   368.22,     366.93,   367.67,     367.46,   368.22
1999, 01,   36175, 1999.0411,   367.91,   367.81,     367.90,   367.79,     367.91,   367.81
1999, 02,   36206, 1999.1260,   368.36,   367.62,     368.64,   367.89,     368.36,   367.62
1999, 03,   36234, 1999.2027,   369.27,   367.71,     369.56,   367.97,     369.27,   367.71
1999, 04,   36265, 1999.2877,   371.01,   368.20,     370.90,   368.06,     371.01,   368.20
1999, 05,   36295, 1999.3699,   370.82,   367.49,     371.48,   368.14,     370.82,   367.49
1999, 06,   36326, 1999.4548,   370.49,   368.05,     370.65,   368.23,     370.49,   368.05
1999, 07,   36356, 1999.5370,   369.33,   368.73,     368.88,   368.32,     369.33,   368.73
1999, 08,   36387, 1999.6219,   366.72,   368.50,     366.60,   368.41,     366.72,   368.50
1999, 09,   36418, 1999.7068,   364.64,   368.17,     364.97,   368.51,     364.64,   368.17
1999, 10,   36448, 1999.7890,   365.06,   368.49,     365.20,   368.61,     365.06,   368.49
1999, 11,   36479, 1999.8740,   366.64,   368.68,     366.71,   368.72,     366.64,   368.68
1999, 12,   36509, 1999.9562,   368.32,   369.07,     368.08,   368.82,     368.32,   369.07
2000, 01,   36540, 2000.0410,   369.61,   369.51,     369.04,   368.92,     369.61,   369.51
2000, 02,   36571, 2000.1257,   369.97,   369.23,     369.78,   369.03,     369.97,   369.23
2000, 03,   36600, 2000.2049,   370.63,   369.03,     370.75,   369.13,     370.63,   369.03
2000, 04,   36631, 2000.2896,   372.03,   369.18,     372.12,   369.25,     372.03,   369.18
2000, 05,   36661, 2000.3716,   371.57,   368.23,     372.72,   369.37,     371.57,   368.23
2000, 06,   36692, 2000.4563,   371.56,   369.13,     371.93,   369.53,     371.56,   369.13
2000, 07,   36722, 2000.5383,   370.05,   369.49,     370.22,   369.69,     370.05,   369.49
2000, 08,   36753, 2000.6230,   368.13,   369.94,     368.01,   369.86,     368.13,   369.94
2000, 09,   36784, 2000.7077,   366.94,   370.49,     366.48,   370.04,     366.94,   370.49
2000, 10,   36814, 2000.7896,   367.14,   370.57,     366.78,   370.20,     367.14,   370.57
2000, 11,   36845, 2000.8743,   368.46,   370.50,     368.34,   370.35,     368.46,   370.50
2000, 12,   36875, 2000.9563,   369.85,   370.61,     369.75,   370.49,     369.85,   370.61
2001, 01,   36906, 2001.0411,   370.94,   370.83,     370.73,   370.62,     370.94,   370.83
2001, 02,   36937, 2001.1260,   371.49,   370.75,     371.49,   370.74,     371.49,   370.75
2001, 03,   36965, 2001.2027,   372.55,   370.98,     372.44,   370.84,     372.55,   370.98
2001, 04,   36996, 2001.2877,   373.35,   370.52,     373.80,   370.95,     373.35,   370.52
2001, 05,   37026, 2001.3699,   374.34,   370.98,     374.41,   371.05,     374.34,   370.98
2001, 06,   37057, 2001.4548,   373.67,   371.21,     373.59,   371.16,     373.67,   371.21
2001, 07,   37087, 2001.5370,   371.49,   370.89,     371.83,   371.26,     371.49,   370.89
2001, 08,   37118, 2001.6219,   369.58,   371.37,     369.55,   371.37,     369.58,   371.37
2001, 09,   37149, 2001.7068,   368.04,   371.58,     367.92,   371.49,     368.04,   371.58
2001, 10,   37179, 2001.7890,   368.25,   371.70,     368.17,   371.60,     368.25,   371.70
2001, 11,   37210, 2001.8740,   369.90,   371.95,     369.70,   371.72,     369.90,   371.95
2001, 12,   37240, 2001.9562,   371.36,   372.11,     371.10,   371.84,     371.36,   372.11
2002, 01,   37271, 2002.0411,   372.01,   371.91,     372.08,   371.97,     372.01,   371.91
2002, 02,   37302, 2002.1260,   372.62,   371.87,     372.87,   372.11,     372.62,   371.87
2002, 03,   37330, 2002.2027,   373.88,   372.30,     373.86,   372.26,     373.88,   372.30
2002, 04,   37361, 2002.2877,   374.59,   371.74,     375.30,   372.44,     374.59,   371.74
2002, 05,   37391, 2002.3699,   375.46,   372.09,     376.00,   372.64,     375.46,   372.09
2002, 06,   37422, 2002.4548,   375.81,   373.34,     375.30,   372.86,     375.81,   373.34
2002, 07,   37452, 2002.5370,   373.91,   373.30,     373.66,   373.09,     373.91,   373.30
2002, 08,   37483, 2002.6219,   371.30,   373.10,     371.50,   373.34,     371.30,   373.10
2002, 09,   37514, 2002.7068,   369.70,   373.26,     370.02,   373.60,     369.70,   373.26
2002, 10,   37544, 2002.7890,   370.41,   373.87,     370.41,   373.85,     370.41,   373.87
2002, 11,   37575, 2002.8740,   372.33,   374.38,     372.09,   374.12,     372.33,   374.38
2002, 12,   37605, 2002.9562,   373.87,   374.63,     373.62,   374.37,     373.87,   374.63
2003, 01,   37636, 2003.0411,   374.67,   374.56,     374.73,   374.62,     374.67,   374.56
2003, 02,   37667, 2003.1260,   375.56,   374.82,     375.62,   374.87,     375.56,   374.82
2003, 03,   37695, 2003.2027,   376.81,   375.23,     376.68,   375.08,     376.81,   375.23
2003, 04,   37726, 2003.2877,   378.01,   375.16,     378.18,   375.31,     378.01,   375.16
2003, 05,   37756, 2003.3699,   378.82,   375.44,     378.89,   375.52,     378.82,   375.44
2003, 06,   37787, 2003.4548,   378.57,   376.10,     378.17,   375.72,     378.57,   376.10
2003, 07,   37817, 2003.5370,   376.09,   375.48,     376.47,   375.90,     376.09,   375.48
2003, 08,   37848, 2003.6219,   374.73,   376.53,     374.24,   376.08,     374.73,   376.53
2003, 09,   37879, 2003.7068,   372.60,   376.17,     372.66,   376.24,     372.60,   376.17
2003, 10,   37909, 2003.7890,   372.87,   376.34,     372.93,   376.39,     372.87,   376.34
2003, 11,   37940, 2003.8740,   375.02,   377.08,     374.49,   376.52,     375.02,   377.08
2003, 12,   37970, 2003.9562,   375.59,   376.35,     375.90,   376.65,     375.59,   376.35
2004, 01,   38001, 2004.0410,   376.41,   376.31,     376.88,   376.77,     376.41,   376.31
2004, 02,   38032, 2004.1257,   377.39,   376.64,     377.65,   376.89,     377.39,   376.64
2004, 03,   38061, 2004.2049,   379.04,   377.42,     378.64,   377.00,     379.04,   377.42
2004, 04,   38092, 2004.2896,   380.50,   377.61,     380.02,   377.12,     380.50,   377.61
2004, 05,   38122, 2004.3716,   380.43,   377.04,     380.61,   377.23,     380.43,   377.04
2004, 06,   38153, 2004.4563,   379.63,   377.18,     379.78,   377.35,     379.63,   377.18
2004, 07,   38183, 2004.5383,   377.50,   376.93,     378.01,   377.47,     377.50,   376.93
2004, 08,   38214, 2004.6230,   375.69,   377.52,     375.74,   377.61,     375.69,   377.52
2004, 09,   38245, 2004.7077,   374.02,   377.61,     374.16,   377.77,     374.02,   377.61
2004, 10,   38275, 2004.7896,   374.32,   377.80,     374.47,   377.93,     374.32,   377.80
2004, 11,   38306, 2004.8743,   376.09,   378.14,     376.08,   378.12,     376.09,   378.14
2004, 12,   38336, 2004.9563,   377.44,   378.20,     377.56,   378.31,     377.44,   378.20
2005, 01,   38367, 2005.0411,   378.48,   378.38,     378.63,   378.51,     378.48,   378.38
2005, 02,   38398, 2005.1260,   379.95,   379.20,     379.49,   378.72,     379.95,   379.20
2005, 03,   38426, 2005.2027,   380.61,   379.01,     380.53,   378.92,     380.61,   379.01
2005, 04,   38457, 2005.2877,   382.00,   379.13,     382.02,   379.14,     382.00,   379.13
2005, 05,   38487, 2005.3699,   382.26,   378.86,     382.74,   379.35,     382.26,   378.86
2005, 06,   38518, 2005.4548,   381.96,   379.47,     382.03,   379.56,     381.96,   379.47
2005, 07,   38548, 2005.5370,   380.99,   380.38,     380.34,   379.77,     380.99,   380.38
2005, 08,   38579, 2005.6219,   378.42,   380.24,     378.12,   379.97,     378.42,   380.24
2005, 09,   38610, 2005.7068,   376.33,   379.92,     376.56,   380.17,     376.33,   379.92
2005, 10,   38640, 2005.7890,   377.00,   380.49,     376.87,   380.35,     377.00,   380.49
2005, 11,   38671, 2005.8740,   378.18,   380.25,     378.48,   380.53,     378.18,   380.25
2005, 12,   38701, 2005.9562,   379.92,   380.68,     379.96,   380.71,     379.92,   380.68
2006, 01,   38732, 2006.0411,   380.96,   380.86,     381.00,   380.88,     380.96,   380.86
2006, 02,   38763, 2006.1260,   381.99,   381.23,     381.82,   381.06,     381.99,   381.23
2006, 03,   38791, 2006.2027,   382.36,   380.76,     382.83,   381.21,     382.36,   380.76
2006, 04,   38822, 2006.2877,   384.76,   381.88,     384.28,   381.38,     384.76,   381.88
2006, 05,   38852, 2006.3699,   385.36,   381.95,     384.94,   381.53,     385.36,   381.95
2006, 06,   38883, 2006.4548,   383.91,   381.42,     384.16,   381.69,     383.91,   381.42
2006, 07,   38913, 2006.5370,   382.36,   381.75,     382.41,   381.83,     382.36,   381.75
2006, 08,   38944, 2006.6219,   380.02,   381.84,     380.13,   381.98,     380.02,   381.84
2006, 09,   38975, 2006.7068,   378.44,   382.05,     378.51,   382.13,     378.44,   382.05
2006, 10,   39005, 2006.7890,   379.05,   382.55,     378.79,   382.28,     379.05,   382.55
2006, 11,   39036, 2006.8740,   380.09,   382.17,     380.38,   382.43,     380.09,   382.17
2006, 12,   39066, 2006.9562,   381.38,   382.15,     381.83,   382.58,     381.38,   382.15
2007, 01,   39097, 2007.0411,   382.95,   382.85,     382.85,   382.74,     382.95,   382.85
2007, 02,   39128, 2007.1260,   384.19,   383.43,     383.66,   382.90,     384.19,   383.43
2007, 03,   39156, 2007.2027,   384.36,   382.76,     384.66,   383.04,     384.36,   382.76
2007, 04,   39187, 2007.2877,   386.47,   383.58,     386.10,   383.20,     386.47,   383.58
2007, 05,   39217, 2007.3699,   386.48,   383.05,     386.77,   383.35,     386.48,   383.05
2007, 06,   39248, 2007.4548,   385.97,   383.46,     385.99,   383.51,     385.97,   383.46
2007, 07,   39278, 2007.5370,   384.62,   384.01,     384.24,   383.66,     384.62,   384.01
2007, 08,   39309, 2007.6219,   381.66,   383.48,     381.96,   383.82,     381.66,   383.48
2007, 09,   39340, 2007.7068,   380.24,   383.85,     380.36,   383.99,     380.24,   383.85
2007, 10,   39370, 2007.7890,   380.79,   384.30,     380.65,   384.15,     380.79,   384.30
2007, 11,   39401, 2007.8740,   382.36,   384.45,     382.26,   384.32,     382.36,   384.45
2007, 12,   39431, 2007.9562,   383.81,   384.58,     383.72,   384.47,     383.81,   384.58
2008, 01,   39462, 2008.0410,   385.47,   385.36,     384.74,   384.63,     385.47,   385.36
2008, 02,   39493, 2008.1257,   385.24,   384.49,     385.55,   384.78,     385.24,   384.49
2008, 03,   39522, 2008.2049,   385.84,   384.20,     386.58,   384.92,     385.84,   384.20
2008, 04,   39553, 2008.2896,   387.35,   384.43,     388.02,   385.08,     387.35,   384.43
2008, 05,   39583, 2008.3716,   388.63,   385.20,     388.67,   385.24,     388.63,   385.20
2008, 06,   39614, 2008.4563,   388.12,   385.64,     387.87,   385.41,     388.12,   385.64
2008, 07,   39644, 2008.5383,   386.53,   385.95,     386.11,   385.57,     386.53,   385.95
2008, 08,   39675, 2008.6230,   383.77,   385.63,     383.83,   385.73,     383.77,   385.63
2008, 09,   39706, 2008.7077,   382.78,   386.41,     382.23,   385.87,     382.78,   386.41
2008, 10,   39736, 2008.7896,   382.48,   386.00,     382.51,   386.01,     382.48,   386.00
2008, 11,   39767, 2008.8743,   383.98,   386.06,     384.08,   386.14,     383.98,   386.06
2008, 12,   39797, 2008.9563,   385.36,   386.13,     385.51,   386.27,     385.36,   386.13
2009, 01,   39828, 2009.0411,   386.87,   386.76,     386.51,   386.39,     386.87,   386.76
2009, 02,   39859, 2009.1260,   387.19,   386.43,     387.29,   386.52,     387.19,   386.43
2009, 03,   39887, 2009.2027,   388.26,   386.65,     388.27,   386.64,     388.26,   386.65
2009, 04,   39918, 2009.2877,   389.39,   386.48,     389.70,   386.78,     389.39,   386.48
2009, 05,   39948, 2009.3699,   390.10,   386.66,     390.36,   386.92,     390.10,   386.66
2009, 06,   39979, 2009.4548,   389.54,   387.02,     389.58,   387.08,     389.54,   387.02
2009, 07,   40009, 2009.5370,   387.72,   387.11,     387.83,   387.25,     387.72,   387.11
2009, 08,   40040, 2009.6219,   385.73,   387.56,     385.56,   387.44,     385.73,   387.56
2009, 09,   40071, 2009.7068,   384.26,   387.89,     383.98,   387.63,     384.26,   387.89
2009, 10,   40101, 2009.7890,   384.29,   387.83,     384.31,   387.82,     384.29,   387.83
2009, 11,   40132, 2009.8740,   385.85,   387.95,     385.96,   388.03,     385.85,   387.95
2009, 12,   40162, 2009.9562,   387.30,   388.07,     387.48,   388.24,     387.30,   388.07
2010, 01,   40193, 2010.0411,   387.97,   387.86,     388.58,   388.46,     387.97,   387.86
2010, 02,   40224, 2010.1260,   389.39,   388.63,     389.46,   388.68,     389.39,   388.63
2010, 03,   40252, 2010.2027,   390.58,   388.96,     390.52,   388.89,     390.58,   388.96
2010, 04,   40283, 2010.2877,   392.63,   389.72,     392.04,   389.10,     392.63,   389.72
2010, 05,   40313, 2010.3699,   392.98,   389.52,     392.76,   389.31,     392.98,   389.52
2010, 06,   40344, 2010.4548,   392.29,   389.76,     392.00,   389.50,     392.29,   389.76
2010, 07,   40374, 2010.5370,   390.08,   389.47,     390.26,   389.68,     390.08,   389.47
2010, 08,   40405, 2010.6219,   387.78,   389.62,     387.98,   389.86,     387.78,   389.62
2010, 09,   40436, 2010.7068,   386.23,   389.87,     386.37,   390.03,     386.23,   389.87
2010, 10,   40466, 2010.7890,   387.03,   390.57,     386.66,   390.19,     387.03,   390.57
2010, 11,   40497, 2010.8740,   388.50,   390.60,     388.26,   390.34,     388.50,   390.60
2010, 12,   40527, 2010.9562,   389.62,   390.40,     389.72,   390.48,     389.62,   390.40
2011, 01,   40558, 2011.0411,   391.19,   391.08,     390.74,   390.62,     391.19,   391.08
2011, 02,   40589, 2011.1260,   391.52,   390.76,     391.54,   390.76,     391.52,   390.76
2011, 03,   40617, 2011.2027,   392.09,   390.47,     392.54,   390.90,     392.09,   390.47
2011, 04,   40648, 2011.2877,   393.54,   390.61,     393.99,   391.05,     393.54,   390.61
2011, 05,   40678, 2011.3699,   394.54,   391.08,     394.68,   391.22,     394.54,   391.08
2011, 06,   40709, 2011.4548,   393.40,   390.87,     393.90,   391.39,     393.40,   390.87
2011, 07,   40739, 2011.5370,   392.45,   391.83,     392.16,   391.58,     392.45,   391.83
2011, 08,   40770, 2011.6219,   390.08,   391.93,     389.88,   391.76,     390.08,   391.93
2011, 09,   40801, 2011.7068,   388.44,   392.10,     388.28,   391.95,     388.44,   392.10
2011, 10,   40831, 2011.7890,   389.05,   392.61,     388.59,   392.13,     389.05,   392.61
2011, 11,   40862, 2011.8740,   390.31,   392.42,     390.23,   392.31,     390.31,   392.42
2011, 12,   40892, 2011.9562,   391.78,   392.56,     391.71,   392.48,     391.78,   392.56
2012, 01,   40923, 2012.0410,   392.90,   392.80,     392.77,   392.65,     392.90,   392.80
2012, 02,   40954, 2012.1257,   393.22,   392.46,     393.61,   392.83,     393.22,   392.46
2012, 03,   40983, 2012.2049,   394.21,   392.55,     394.69,   393.01,     394.21,   392.55
2012, 04,   41014, 2012.2896,   396.23,   393.27,     396.18,   393.21,     396.23,   393.27
2012, 05,   41044, 2012.3716,   396.94,   393.46,     396.88,   393.41,     396.94,   393.46
2012, 06,   41075, 2012.4563,   395.92,   393.41,     396.13,   393.64,     395.92,   393.41
2012, 07,   41105, 2012.5383,   394.32,   393.73,     394.42,   393.87,     394.32,   393.73
2012, 08,   41136, 2012.6230,   391.88,   393.76,     392.20,   394.12,     391.88,   393.76
2012, 09,   41167, 2012.7077,   391.00,   394.68,     390.69,   394.38,     391.00,   394.68
2012, 10,   41197, 2012.7896,   390.92,   394.48,     391.10,   394.64,     390.92,   394.48
2012, 11,   41228, 2012.8743,   393.25,   395.36,     392.82,   394.91,     393.25,   395.36
2012, 12,   41258, 2012.9563,   394.48,   395.26,     394.40,   395.17,     394.48,   395.26
2013, 01,   41289, 2013.0411,   395.61,   395.50,     395.54,   395.42,     395.61,   395.50
2013, 02,   41320, 2013.1260,   396.71,   395.94,     396.45,   395.67,     396.71,   395.94
2013, 03,   41348, 2013.2027,   397.85,   396.21,     397.54,   395.89,     397.85,   396.21
2013, 04,   41379, 2013.2877,   398.72,   395.78,     399.08,   396.12,     398.72,   395.78
2013, 05,   41409, 2013.3699,   400.04,   396.56,     399.82,   396.34,     400.04,   396.56
2013, 06,   41440, 2013.4548,   398.71,   396.16,     399.08,   396.56,     398.71,   396.16
2013, 07,   41470, 2013.5370,   397.61,   396.99,     397.35,   396.77,     397.61,   396.99
2013, 08,   41501, 2013.6219,   394.58,   396.44,     395.08,   396.98,     394.58,   396.44
2013, 09,   41532, 2013.7068,   393.50,   397.18,     393.49,   397.18,     393.50,   397.18
2013, 10,   41562, 2013.7890,   394.00,   397.58,     393.82,   397.38,     394.00,   397.58
2013, 11,   41593, 2013.8740,   395.63,   397.75,     395.48,   397.57,     395.63,   397.75
2013, 12,   41623, 2013.9562,   396.74,   397.52,     396.99,   397.75,     396.74,   397.52
2014, 01,   41654, 2014.0411,   398.02,   397.91,     398.06,   397.94,     398.02,   397.91
2014, 02,   41685, 2014.1260,   398.21,   397.44,     398.90,   398.12,     398.21,   397.44
2014, 03,   41713, 2014.2027,   400.12,   398.48,     399.94,   398.28,     400.12,   398.48
2014, 04,   41744, 2014.2877,   401.79,   398.84,     401.42,   398.45,     401.79,   398.84
2014, 05,   41774, 2014.3699,   402.45,   398.95,     402.10,   398.61,     402.45,   398.95
2014, 06,   41805, 2014.4548,   401.75,   399.19,     401.29,   398.76,     401.75,   399.19
2014, 07,   41835, 2014.5370,   399.07,   398.44,     399.49,   398.90,     399.07,   398.44
2014, 08,   41866, 2014.6219,   396.77,   398.63,     397.15,   399.06,     396.77,   398.63
2014, 09,   41897, 2014.7068,   395.50,   399.19,     395.51,   399.21,     395.50,   399.19
2014, 10,   41927, 2014.7890,   395.58,   399.17,     395.80,   399.37,     395.58,   399.17
2014, 11,   41958, 2014.8740,   397.42,   399.55,     397.43,   399.54,     397.42,   399.55
2014, 12,   41988, 2014.9562,   399.37,   400.16,     398.93,   399.70,     399.37,   400.16
2015, 01,   42019, 2015.0411,   400.13,   400.03,     399.99,   399.87,     400.13,   400.03
2015, 02,   42050, 2015.1260,   400.62,   399.85,     400.83,   400.05,     400.62,   399.85
2015, 03,   42078, 2015.2027,   401.53,   399.88,     401.87,   400.21,     401.53,   399.88
2015, 04,   42109, 2015.2877,   403.85,   400.89,     403.38,   400.40,     403.85,   400.89
2015, 05,   42139, 2015.3699,   404.09,   400.58,     404.10,   400.60,     404.09,   400.58
2015, 06,   42170, 2015.4548,   403.04,   400.47,     403.35,   400.81,     403.04,   400.47
2015, 07,   42200, 2015.5370,   401.29,   400.67,     401.63,   401.04,     401.29,   400.67
2015, 08,   42231, 2015.6219,   399.17,   401.04,     399.38,   401.29,     399.17,   401.04
2015, 09,   42262, 2015.7068,   397.64,   401.34,     397.84,   401.55,     397.64,   401.34
2015, 10,   42292, 2015.7890,   398.43,   402.03,     398.24,   401.82,     398.43,   402.03
2015, 11,   42323, 2015.8740,   400.04,   402.17,     399.99,   402.10,     400.04,   402.17
2015, 12,   42353, 2015.9562,   401.57,   402.36,     401.60,   402.37,     401.57,   402.36
2016, 01,   42384, 2016.0410,   402.67,   402.56,     402.77,   402.65,     402.67,   402.56
2016, 02,   42415, 2016.1257,   404.04,   403.26,     403.71,   402.93,     404.04,   403.26
2016, 03,   42444, 2016.2049,   404.70,   403.02,     404.87,   403.17,     404.70,   403.02
2016, 04,   42475, 2016.2896,   407.14,   404.14,     406.44,   403.43,     407.14,   404.14
2016, 05,   42505, 2016.3716,   407.80,   404.28,     407.17,   403.66,     407.80,   404.28
2016, 06,   42536, 2016.4563,   406.04,   403.50,     406.41,   403.89,     406.04,   403.50
2016, 07,   42566, 2016.5383,   404.42,   403.82,     404.66,   404.11,     404.42,   403.82
2016, 08,   42597, 2016.6230,   402.03,   403.94,     402.39,   404.33,     402.03,   403.94
2016, 09,   42628, 2016.7077,   400.23,   403.95,     400.83,   404.56,     400.23,   403.95
2016, 10,   42658, 2016.7896,   401.52,   405.12,     401.20,   404.79,     401.52,   405.12
2016, 11,   42689, 2016.8743,   403.23,   405.36,     402.91,   405.02,     403.23,   405.36
2016, 12,   42719, 2016.9563,   404.36,   405.15,     404.46,   405.23,     404.36,   405.15
2017, 01,   42750, 2017.0411,   405.78,   405.67,     405.57,   405.45,     405.78,   405.67
2017, 02,   42781, 2017.1260,   406.48,   405.70,     406.46,   405.67,     406.48,   405.70
2017, 03,   42809, 2017.2027,   407.15,   405.50,     407.54,   405.86,     407.15,   405.50
2017, 04,   42840, 2017.2877,   409.81,   406.83,     409.07,   406.07,     409.81,   406.83
2017, 05,   42870, 2017.3699,   409.98,   406.46,     409.79,   406.27,     409.98,   406.46
2017, 06,   42901, 2017.4548,   409.13,   406.55,     409.02,   406.47,     409.13,   406.55
2017, 07,   42931, 2017.5370,   406.78,   406.15,     407.25,   406.66,     406.78,   406.15
2017, 08,   42962, 2017.6219,   404.94,   406.82,     404.94,   406.85,     404.94,   406.82
2017, 09,   42993, 2017.7068,   -99.99,   -99.99,     -99.99,   -99.99,     -99.99,   -99.99
2017, 10,   43023, 2017.7890,   -99.99,   -99.99,     -99.99,   -99.99,     -99.99,   -99.99
2017, 11,   43054, 2017.8740,   -99.99,   -99.99,     -99.99,   -99.99,     -99.99,   -99.99
2017, 12,   43084, 2017.9562,   -99.99,   -99.99,     -99.99,   -99.99,     -99.99,   -99.99
